pack_key	pack_no	pair	title	slot
major_electrical__major_law:0	1	电气工程×法学	电力法规工程师	0
major_electrical__major_law:1	2	电气工程×法学	能源法律顾问	1
major_electrical__major_law:2	3	电气工程×法学	智能电网合规专员	2
major_electrical__major_accounting:0	4	电气工程×会计学	电力行业财务分析师	0
major_electrical__major_accounting:1	5	电气工程×会计学	能源项目成本控制	1
major_electrical__major_accounting:2	6	电气工程×会计学	资产折旧专员	2
major_electrical__major_cs:0	7	电气工程×计算机科学	嵌入式系统工程师	0
major_electrical__major_cs:1	8	电气工程×计算机科学	工业物联网开发	1
major_electrical__major_cs:2	9	电气工程×计算机科学	电力自动化工程师	2
major_electrical__major_finance:0	10	电气工程×金融学	电力市场交易员	0
major_electrical__major_finance:1	11	电气工程×金融学	能源金融分析师	1
major_electrical__major_finance:2	12	电气工程×金融学	碳交易产品经理	2
major_electrical__major_clinical:0	13	电气工程×临床医学	医疗设备硬件工程师	0
major_electrical__major_clinical:1	14	电气工程×临床医学	电生理信号处理工程师	1
major_electrical__major_clinical:2	15	电气工程×临床医学	医学影像设备研发	2
major_electrical__major_swe:0	16	电气工程×软件工程	工业控制软件工程师	0
major_electrical__major_swe:1	17	电气工程×软件工程	智能硬件开发	1
major_electrical__major_swe:2	18	电气工程×软件工程	PLC编程专家	2
major_electrical__major_marketing:0	19	电气工程×市场营销	电气产品销售工程师	0
major_electrical__major_marketing:1	20	电气工程×市场营销	能源方案顾问	1
major_electrical__major_marketing:2	21	电气工程×市场营销	工业品品牌经理	2
major_electrical__major_ds:0	22	电气工程×数据科学	工业大数据分析师	0
major_electrical__major_ds:1	23	电气工程×数据科学	设备预测维护工程师	1
major_electrical__major_ds:2	24	电气工程×数据科学	电力系统优化建模	2
major_electrical__major_english:0	25	电气工程×英语	电气技术文档工程师	0
major_electrical__major_english:1	26	电气工程×英语	国际电力项目协调	1
major_electrical__major_english:2	27	电气工程×英语	英文专利分析(电气方向)	2
major_law__major_accounting:0	28	法学×会计学	法务会计	0
major_law__major_accounting:1	29	法学×会计学	税务律师	1
major_law__major_accounting:2	30	法学×会计学	合规审计师	2
major_law__major_cs:0	31	法学×计算机科学	网络与信息安全律师	0
major_law__major_cs:1	32	法学×计算机科学	数据隐私合规官	1
major_law__major_cs:2	33	法学×计算机科学	电子取证专家	2
major_law__major_finance:0	34	法学×金融学	金融监管律师	0
major_law__major_finance:1	35	法学×金融学	证券合规官	1
major_law__major_finance:2	36	法学×金融学	反洗钱分析师	2
major_law__major_clinical:0	37	法学×临床医学	医疗合规官	0
major_law__major_clinical:1	38	法学×临床医学	医事律师	1
major_law__major_clinical:2	39	法学×临床医学	临床试验法规专员	2
major_law__major_swe:0	40	法学×软件工程	软件许可合规顾问	0
major_law__major_swe:1	41	法学×软件工程	开源协议专家	1
major_law__major_swe:2	42	法学×软件工程	知识产权律师(软件方向)	2
major_law__major_marketing:0	43	法学×市场营销	广告法合规专员	0
major_law__major_marketing:1	44	法学×市场营销	消费者权益律师	1
major_law__major_marketing:2	45	法学×市场营销	营销合同审核	2
major_law__major_ds:0	46	法学×数据科学	算法合规顾问	0
major_law__major_ds:1	47	法学×数据科学	数据治理专家	1
major_law__major_ds:2	48	法学×数据科学	隐私保护工程师	2
major_law__major_english:0	49	法学×英语	涉外法务	0
major_law__major_english:1	50	法学×英语	法律翻译	1
major_law__major_english:2	51	法学×英语	国际仲裁助理	2
major_accounting__major_cs:0	52	会计学×计算机科学	会计信息系统实施	0
major_accounting__major_cs:1	53	会计学×计算机科学	财务数据分析师	1
major_accounting__major_cs:2	54	会计学×计算机科学	ERP财务顾问	2
major_accounting__major_finance:0	55	会计学×金融学	财务分析师	0
major_accounting__major_finance:1	56	会计学×金融学	投资银行分析师	1
major_accounting__major_finance:2	57	会计学×金融学	估值建模专员	2
major_accounting__major_clinical:0	58	会计学×临床医学	医院成本核算	0
major_accounting__major_clinical:1	59	会计学×临床医学	医保财务管理	1
major_accounting__major_clinical:2	60	会计学×临床医学	医疗项目预算专员	2
major_accounting__major_swe:0	61	会计学×软件工程	财务软件开发	0
major_accounting__major_swe:1	62	会计学×软件工程	SaaS财务产品经理	1
major_accounting__major_swe:2	63	会计学×软件工程	会计系统测试工程师	2
major_accounting__major_marketing:0	64	会计学×市场营销	营销财务分析	0
major_accounting__major_marketing:1	65	会计学×市场营销	促销效益评估	1
major_accounting__major_marketing:2	66	会计学×市场营销	渠道成本控制	2
major_accounting__major_ds:0	67	会计学×数据科学	财务大数据分析	0
major_accounting__major_ds:1	68	会计学×数据科学	智能风控建模	1
major_accounting__major_ds:2	69	会计学×数据科学	审计数据分析师	2
major_accounting__major_english:0	70	会计学×英语	ACCA双语讲师	0
major_accounting__major_english:1	71	会计学×英语	国际财务报告翻译	1
major_accounting__major_english:2	72	会计学×英语	外资企业总账会计	2
major_cs__major_finance:0	73	计算机科学×金融学	量化开发工程师	0
major_cs__major_finance:1	74	计算机科学×金融学	金融科技产品经理	1
major_cs__major_finance:2	75	计算机科学×金融学	高频交易系统开发	2
major_cs__major_clinical:0	76	计算机科学×临床医学	医学影像AI工程师	0
major_cs__major_clinical:1	77	计算机科学×临床医学	医疗信息系统开发	1
major_cs__major_clinical:2	78	计算机科学×临床医学	临床数据分析师	2
major_cs__major_swe:0	79	计算机科学×软件工程	全栈开发工程师	0
major_cs__major_swe:1	80	计算机科学×软件工程	架构师	1
major_cs__major_swe:2	81	计算机科学×软件工程	DevOps工程师	2
major_cs__major_marketing:0	82	计算机科学×市场营销	营销技术专家(MarTech)	0
major_cs__major_marketing:1	83	计算机科学×市场营销	SEO/SEM策略师	1
major_cs__major_marketing:2	84	计算机科学×市场营销	推荐系统产品经理	2
major_cs__major_ds:0	85	计算机科学×数据科学	机器学习工程师	0
major_cs__major_ds:1	86	计算机科学×数据科学	大数据平台开发	1
major_cs__major_ds:2	87	计算机科学×数据科学	AI算法专家	2
major_cs__major_english:0	88	计算机科学×英语	技术文档工程师	0
major_cs__major_english:1	89	计算机科学×英语	英文技术支持	1
major_cs__major_english:2	90	计算机科学×英语	计算机双语教学	2
major_finance__major_clinical:0	91	金融学×临床医学	医疗健康投资分析师	0
major_finance__major_clinical:1	92	金融学×临床医学	医药行业研究员	1
major_finance__major_clinical:2	93	金融学×临床医学	医保精算师	2
major_finance__major_swe:0	94	金融学×软件工程	金融软件产品经理	0
major_finance__major_swe:1	95	金融学×软件工程	交易系统开发	1
major_finance__major_swe:2	96	金融学×软件工程	量化交易平台工程师	2
major_finance__major_marketing:0	97	金融学×市场营销	金融产品营销经理	0
major_finance__major_marketing:1	98	金融学×市场营销	财富管理顾问	1
major_finance__major_marketing:2	99	金融学×市场营销	投资者关系专员	2
major_finance__major_ds:0	100	金融学×数据科学	金融数据分析师	0
major_finance__major_ds:1	101	金融学×数据科学	风险建模专家	1
major_finance__major_ds:2	102	金融学×数据科学	智能投顾算法工程师	2
major_finance__major_english:0	103	金融学×英语	国际金融分析师(CFA)	0
major_finance__major_english:1	104	金融学×英语	外汇交易员	1
major_finance__major_english:2	105	金融学×英语	跨境并购翻译	2
major_clinical__major_swe:0	106	临床医学×软件工程	医疗软件产品经理	0
major_clinical__major_swe:1	107	临床医学×软件工程	医院信息系统实施	1
major_clinical__major_swe:2	108	临床医学×软件工程	电子病历开发工程师	2
major_clinical__major_marketing:0	109	临床医学×市场营销	医药代表	0
major_clinical__major_marketing:1	110	临床医学×市场营销	医疗器械产品经理	1
major_clinical__major_marketing:2	111	临床医学×市场营销	医疗市场专员	2
major_clinical__major_ds:0	112	临床医学×数据科学	生物信息分析师	0
major_clinical__major_ds:1	113	临床医学×数据科学	真实世界研究数据专家	1
major_clinical__major_ds:2	114	临床医学×数据科学	临床预测模型开发	2
major_clinical__major_english:0	115	临床医学×英语	医学翻译	0
major_clinical__major_english:1	116	临床医学×英语	国际医疗协调员	1
major_clinical__major_english:2	117	临床医学×英语	SCI论文编辑	2
major_swe__major_marketing:0	118	软件工程×市场营销	技术产品经理	0
major_swe__major_marketing:1	119	软件工程×市场营销	开发者关系工程师	1
major_swe__major_marketing:2	120	软件工程×市场营销	软件售前顾问	2
major_swe__major_ds:0	121	软件工程×数据科学	数据平台开发工程师	0
major_swe__major_ds:1	122	软件工程×数据科学	数据仓库工程师	1
major_swe__major_ds:2	123	软件工程×数据科学	机器学习平台开发	2
major_swe__major_english:0	124	软件工程×英语	软件本地化工程师	0
major_swe__major_english:1	125	软件工程×英语	技术文档写作	1
major_swe__major_english:2	126	软件工程×英语	海外技术支持	2
major_marketing__major_ds:0	127	市场营销×数据科学	市场数据分析师	0
major_marketing__major_ds:1	128	市场营销×数据科学	用户增长分析师	1
major_marketing__major_ds:2	129	市场营销×数据科学	客户画像建模	2
major_marketing__major_english:0	130	市场营销×英语	海外营销专员	0
major_marketing__major_english:1	131	市场营销×英语	跨境电商运营	1
major_marketing__major_english:2	132	市场营销×英语	国际品牌策划	2
major_ds__major_english:0	133	数据科学×英语	数据科学翻译	0
major_ds__major_english:1	134	数据科学×英语	海外数据竞赛选手	1
major_ds__major_english:2	135	数据科学×英语	双语数据报告撰写	2
